{
    "luis": {
        "Book_Dialog_en_us_lu": {
            "appId": "3356a6e9-74c2-43d7-816e-473013aa3cb1"
        },
        "golfing_chix_web_en_us_lu": {
            "appId": "aa05bcf5-271d-484e-8e59-438626703e66"
        },
        "Reviews_Dialog_en_us_lu": {
            "appId": "7e7f558d-f1a9-4c46-82c2-924fec9af904"
        },
        "Survey_Dialog_en_us_lu": {
            "appId": "21971257-3d48-457c-99d0-712f748e2e39"
        },
        "Offers_Dialog_en_us_lu": {
            "appId": "2ec2d96e-7022-43f7-9778-ca8fb7ea376e"
        }
    }
}